"Reference","Qty","Value","DNP","Exclude from BOM","Exclude from Board","Footprint","Datasheet"
"C1,C2,C3,C4,C5,C6","6","100nF","","","","Capacitor_SMD:C_0603_1608Metric","~"
"D1,D2","2","GREEN","","","","LED_SMD:LED_0603_1608Metric","~"
"R1,R2,R11,R12,R13,R15,R17,R18,R23,R24,R25,R27,R28","13","100","","","","Resistor_SMD:R_0603_1608Metric","~"
"R3,R4,R7,R8,R19,R22,R29,R31","8","1K","","","","Resistor_SMD:R_0603_1608Metric","~"
"R5,R9,R10,R14,R16,R26","6","4.7","","","","Resistor_SMD:R_0603_1608Metric","~"
"R6,R32","2","10K","","","","Resistor_SMD:R_0603_1608Metric","~"
"R20,R21,R30","3","120","","","","Resistor_SMD:R_0603_1608Metric","~"
"U1","1","FT232RL","","","","Package_SO:SSOP-28_5.3x10.2mm_P0.65mm","https://www.ftdichip.com/Support/Documents/DataSheets/ICs/DS_FT232R.pdf"
"U2,U3,U4","3","MAX485E","","","","Package_SO:SOIC-8_3.9x4.9mm_P1.27mm","https://datasheets.maximintegrated.com/en/ds/MAX1487E-MAX491E.pdf"
